priority,id,title,defects,lintHits,verification,severity,insertion,document,jurisdictions,citations,lastChecked,defectDetail,file,note
"164","ipa_wfh","Work Made For Hire","5","","multi-cited","critical","auto","ip-assignment","*","(none)","2026-08-20","The clause's first sentence ('All copyrightable works created by a founder within the scope of the Company's business are work made for hire under the Copyright Act') is stated as a categorical fact. Under Reid it is a fact-specific legal conclusion that depends on the founder's actual working relationship with the Company -- control, payroll status, benefits, tax treatment, and the rest -- and will often come out the other way for an early-stage founder who is not drawing a W-2 salary. The clause does not say this, and a reader has no way to know the first sentence is a legal conclusion resting on facts not stated. || The practical consequence is muted, not absent: the second sentence's backstop assignment ('To the extent any work does not qualify... it is assigned to the Company') means the Company ends up owning the copyright either way, by assignment if not by operation of section 101. That is why this is recorded as a gap rather than a contradiction that blocks the document -- but an assignment and a work-for-hire are not identical in every respect. Section 203 of the Copyright Act lets an individual author terminate a granted assignment after 35 years; a true work made for hire cannot be terminated because the employer is deemed the author from the start. Whether that distinction matters for a given company was not researched, and the clause's flat 'is work made for hire' framing could leave a reader thinking the section 203 question does not arise when it may. || The statutory text of 17 U.S.C. section 101 was not independently fetched -- every primary and mirror host was blocked at the egress proxy during this check. The section 101(2) category list above is taken from the Court's own quotation of the statute in Reid, not read directly from the Office of the Law Revision Counsel's text. || Only one fact pattern (Aymes, a single hired programmer) was read as an application of the Reid factors. Founders' circumstances vary a great deal -- co-founders working full time with no other clients look more like employees than a founder who is also running a separate consultancy -- and this check does not cover that range. || contradicted: work made for hire under 17 U.S.C. section 101 arises automatically whenever a founder creates a copyrightable work within the scope of the Company's business","equity.json",""
"162","b83_instructions","Filing Instructions","5","","multi-cited","critical","suggest","election-83b","*","Treas. Reg. §1.83-2 | 26 U.S.C. §83(b)","2026-08-19","26 U.S.C. §7502, the timely-mailing-is-timely-filing rule, was not read. The rebuilt body therefore tells the reader to send the election in a way that produces a dated record, and does not assert that a postmark is a filing. || Treas. Reg. §301.9100 was not read. The clause's claim that there is no cure for a late filing is stated on the narrower and verified ground that the 30-day period comes from the statute; whether §301.9100 relief is unavailable for that reason was not verified. || Form 15620's instruction text extracted only partially from the PDF — the 'Who May File' and 'When to File' paragraphs came through as fragments. What is asserted about the form is limited to the fragments that did extract cleanly. irs.gov is the agency and not a publisher of law. || State law was not considered. A California taxpayer may have a separate state filing obligation and nothing here addresses it. || The remaining substantive consequences in §1.83-2(a) — that the substantial vesting rules of §83(a) stop applying, and the basis rule for a later sale — were read and are not carried. Whether another clause in the election document states them was not checked.","equity.json","Rebuilt from the primary text on 2026-08-19: 26 C.F.R. §1.83-2 was fetched from the eCFR and 26 U.S.C. §83 from the Office of the Law Revision Counsel, and the body was written from what they say. The clause previously described only a written statement with none of the seven content items the regulation requires, described the copy to the Company as being ""for its records"" when §1.83-2(d) requires it and §1.83-2(e)(7) makes a statement that copies were furnished a required content element, and did not mention that the election may be filed before the transfer or that revocation is possible in a narrow case. Full record in verification/findings/b83_instructions.json. NOT primary-verified: no human has read or signed this."
"157","hb_technology","Technology and Monitoring","5","absolute-without-exception","multi-cited","recommended","auto","handbook","*","(none)","2026-08-21","The clause's 'no expectation of privacy... on Company systems' is accurate for the ordinary case Smyth addresses (an employee's ordinary use of the company's own email/systems) but is stated as though monitoring is therefore unconstrained. Stengart's own fact pattern is exactly the scenario this clause's last sentence gestures at without addressing -- an employee using a personal, password-protected account (there, webmail; the clause separately tells employees not to store confidential information in personal accounts, which implies personal accounts are in scope of employee behavior but not of what the Company may do with them) accessed through a company device. Personal accounts accessed on Company hardware are not squarely 'data stored on or transmitted through Company systems,' and the clause does not say whether the Company claims any monitoring right over them. || Privileged communications (attorney-client, in Stengart's case) get separate, stronger protection than ordinary personal communications under the case law read here. The clause draws no distinction for privileged content at all. || Courts described in Stengart's own survey (not independently read here, only as characterized by Stengart itself) draw a further distinction between accessing personal webmail through a browser versus routing personal messages through the company's own email address -- the latter looking more like Smyth even when the content is personal. The clause does not address this distinction because it does not address personal accounts at all. || The clause's own advance-written-notice requirement ('may require advance written notice') for state-law monitoring rules was not itself checked against any specific state's statute -- every host that would carry state notice-of-monitoring statutes was blocked. || contradicted: employees have no expectation of privacy in ANY data stored on or transmitted through Company systems, stated without qualification","hiring.json",""
"133","emp_overtime","Overtime","4","","multi-cited","recommended","auto","employment","*","29 U.S.C. §207","2026-08-20","The clause states the payment duty as unconditional ('must be paid whether or not it was authorized in advance') with no mention of the employer's-knowledge condition both circuits treat as load-bearing. In the ordinary case an employer that requires advance authorization also has visibility into hours worked (timekeeping, direct supervision), so the condition is usually satisfied and the clause's practical guidance is not wrong for the case it is written for. The gap matters at the edge: an employee who conceals hours or bypasses the time-reporting system entirely, then claims unreported overtime after the fact, is exactly the Forrester fact pattern, and on those facts the employer may owe nothing. The clause gives the reader no way to tell the ordinary case from the edge case. || 29 U.S.C. section 207 and section 203(g) were not independently fetched -- every host that would carry them was blocked. The quoted statutory language above is the courts' own quotation of the text, not a primary read of the Office of the Law Revision Counsel's version. || The clause's second half ('and at any additional rate required by the law of {{opStateLong}}') is a pure deferral and was not checked -- it names no state-specific rule to verify. || ea_overtime (employment-agreement) makes close to the same two claims in worker-facing language and was not separately checked. Its risk profile is different -- it faces the employee being offered the job, not an internal handbook policy -- and it deserves its own pass rather than being assumed covered by this one.","employment.json",""
"114","emp_ip","Employee Invention Assignment","3","","multi-cited","critical","auto","employment","*","(none)","2026-08-21","Both opinions read address noncompetition covenants specifically, not a bare invention-assignment-and-confidentiality agreement with no competitive restriction. The general contract-law question is the same ('is a promise made after an at-will relationship already exists supported by consideration'), and nothing found suggests courts draw a different line for invention assignments -- but that was not independently confirmed with a case actually presenting an invention-assignment fact pattern, only inferred from the shared underlying doctrine. || This confirms a split exists; it does not tell a reader which side any particular {{opStateLong}} falls on, and the clause does not either -- by design, since this is the jurisdiction-neutral corpus and state-specific answers were parked. A reader who wants to know whether separate consideration is actually required in their state still has to look it up themselves. || Both sources are on the same host (courtlistener.com), so this does not meet this project's two-independent-host standard even though it draws on two independent courts reaching opposite conclusions -- an artifact of how host-independence is measured here, not a weakness in the finding itself.","employment.json",""
"114","hb_accommodation","Reasonable Accommodation","3","","multi-cited","critical","auto","handbook","*","(none)","2026-08-21","Both opinions read are from circuits (3d and 7th) that recognize interactive-process good faith as independently significant. Whether every circuit agrees that a bad-faith failure to engage is independently actionable even where no reasonable accommodation existed at all was not checked -- some circuits reason from the process failure to an inference about what accommodation would have been found, rather than treating the process failure as freestanding, and a genuine split on the precise formulation was not ruled out here. || 29 C.F.R. section 1630.2(o)(3) and the EEOC's interpretive guidance, which both opinions quote as the source of the interactive-process obligation, were not independently fetched -- every host that would carry the regulation itself was blocked. || Neither case addresses the clause's separate factual claim that requests 'may be made to any manager or to the {{principalTitle}}' -- that is this document's own administrative choice, not a claim about what the law requires, and was not part of this check.","hiring.json",""
"108","ea_overtime","Overtime and Timekeeping","3","","multi-cited","critical","suggest","employment-agreement","*","(none)","2026-08-21","Same omission as emp_overtime, worth restating in this clause's own terms because the audience is different: this is language in an offer letter, read by a new hire before they have worked a single shift, not an internal handbook policy read by someone already employed. Telling a new hire overtime 'will be paid whether or not it was approved' with no qualifier is the more consequential place for the gap to sit, since it sets an expectation the company may not always be able to meet -- specifically where the new hire never reports the hours through whatever channel the company actually uses. || 29 U.S.C. section 207 and section 203(g) were not independently fetched -- every host that would carry them was blocked, same as for emp_overtime. || The clause's deferral to 'the law of {{opStateLong}}' was not checked against any state's actual daily-overtime or other overtime rules -- it names no specific state rule to verify.","hiring.json",""
"94","emp_i9","Work Authorization","2","","single-source","critical","auto","employment","*","8 U.S.C. §1324a","2026-08-21","The clause's citation (8 U.S.C. section 1324a only) does not name section 1324b, which is the actual statutory source of the documentary-uniformity claim. Whether this is worth flagging as a citation gap depends on whether a reader would understand '8 U.S.C. section 1324a' to cover the whole clause or just the verification-duty sentence -- not resolved here, but noted because this project's stated failure pattern is exactly 'the clause reproduces something true and cites the wrong or incomplete provision.' || Robison's discrimination-requirement holding was for the pre-1996 version of section 1324b(a)(6); the opinion states the 1996 amendment made the discrimination requirement express rather than changing it, and the court read the requirement into the earlier text too -- so the current text should hold a fortiori, but the current (post-1996) statutory text was not independently fetched to confirm the amendment reads the way the opinion describes it, since every host carrying it directly is blocked.","employment.json",""
"94","hb_i9","Work Authorization","2","","single-source","critical","auto","handbook","*","8 U.S.C. §1324a","2026-08-21","Same citation gap as emp_i9: the clause's only citation (8 U.S.C. section 1324a) does not name section 1324b, the actual source of the documentary-uniformity claim. || Same unconfirmed premise as emp_i9: Robison's discrimination-requirement holding construed the pre-1996 statute; the current text was not independently fetched to confirm the 1996 amendment reads the way the opinion describes.","hiring.json",""
"69","hb_timekeeping","Timekeeping","1","absolute-without-exception","unsourced","critical","auto","handbook","*","(none)","2026-08-21","The clause says the employee's estimate 'will generally be accepted,' which reads as though the estimate is simply credited. Mt. Clemens actually describes a two-step burden-shift: the employee must first produce evidence sufficient to support 'a matter of just and reasonable inference' as to the amount of work performed, and only then does the burden shift to the employer to 'come forward with evidence of the precise amount of work performed or with evidence to negative the reasonableness of the inference.' An employer that shows up with contrary evidence can defeat or narrow the employee's estimate -- the clause gives the reader no hint that the employer retains this rebuttal opportunity, which matters most to the audience actually reading a handbook (the employer), since it understates the extent to which good contrary evidence, even short of full records, can still limit exposure.","hiring.json",""
"44","cal_annual_report","Annual Report and Registered Agent","0","form-not-named","unsourced","critical","auto","compliance-calendar","*","(none)","2026-08-21","","compliance-calendar.json",""
"44","cal_foreign","Foreign Qualification","0","form-not-named","unsourced","critical","auto","compliance-calendar","*","(none)","","","compliance-calendar.json",""
"44","consent_adopt","Adoption of Governing Documents","0","form-not-named","unsourced","critical","auto","consent","*","(none)","","","consents.json",""
"44","dpa_security","Security Measures","0","absolute-without-exception","unsourced","critical","auto","dpa","*","(none)","","","commercial-sow-dpa.json",""
"44","dpa_subprocessors","Subprocessors","0","threshold-without-lookback","unsourced","critical","auto","dpa","*","(none)","","","commercial-sow-dpa.json",""
"44","fq_goodstanding","Certificate of Good Standing","0","form-not-named","unsourced","critical","auto","foreign-qualification","*","(none)","","","foreign-qualification.json",""
"44","gov_formation","Formation and Term","0","form-not-named","unsourced","critical","auto","governance","*","(none)","","","governance-core.json",""
"44","hb_harassment","Anti-Harassment and Anti-Retaliation","0","threshold-without-lookback","unsourced","critical","auto","handbook","*","(none)","","","hiring.json",""
"44","ic_payment","Fees and Invoicing","0","form-not-named","unsourced","critical","auto","contractor-agreement","*","(none)","","","hiring.json",""
"44","lease_term_24","Term of the Tenancy","0","threshold-without-lookback","unsourced","critical","auto","lease","*","(none)","","","lease.json",""
"44","lease_term_6","Term of the Tenancy","0","threshold-without-lookback","unsourced","critical","auto","lease","*","(none)","","","lease.json",""
"44","lease_term_m2m","Term of the Tenancy","0","threshold-without-lookback","unsourced","critical","auto","lease","*","(none)","","","lease.json",""
"44","loan_repay_demand","Repayment","0","threshold-without-lookback","unsourced","critical","auto","loan","*","(none)","","","money.json",""
"44","msa_indemnity_ip","Intellectual Property Indemnity","0","penalty-without-cap","unsourced","critical","auto","msa","*","(none)","","","commercial-msa.json",""
"44","msa_liability_cap","Limitation of Liability","0","penalty-without-cap","unsourced","critical","auto","msa","*","(none)","","","commercial-msa.json",""
"44","msa_structure","Structure and Order of Precedence","0","threshold-without-lookback","unsourced","critical","auto","msa","*","(none)","","","commercial-msa.json",""
"44","msa_term_cause","Termination for Cause","0","deadline-without-trigger","unsourced","critical","auto","msa","*","(none)","","","commercial-msa.json",""
"44","nda_obligations","Obligations","0","threshold-without-lookback","unsourced","critical","auto","nda","*","(none)","","","commercial-nda.json",""
"44","note_repay_demand","Repayment","0","threshold-without-lookback","unsourced","critical","auto","note","*","(none)","","","money.json",""
"44","prop_intro_provider","Introduction","0","form-not-named","unsourced","critical","auto","proposal","*","(none)","","","proposal.json",""
"44","pt_leaving","A Partner Leaving","0","threshold-without-lookback","unsourced","critical","auto","partnership","*","(none)","","","partnership.json",""
"44","rm_leaving","If a Roommate Moves Out","0","threshold-without-lookback","unsourced","critical","auto","roommate","*","(none)","","","property-more.json",""
"44","sow_change","Change Control","0","absolute-without-exception","unsourced","critical","auto","sow","*","(none)","","","commercial-sow-dpa.json",""
"44","sub_term","Term","0","absolute-without-exception","unsourced","critical","auto","sublease","*","(none)","","","property-more.json",""
"41","bp_exec_summary","Executive Summary","0","","unsourced","critical","auto","businessplan","*","(none)","","","businessplan.json",""
"41","bp_financial_note","Financial Projections","0","","unsourced","critical","auto","businessplan","*","(none)","","","businessplan.json",""
"41","cal_83b","83(b) Filing Deadline","0","form-not-named","single-source","critical","suggest","compliance-calendar","*","Treas. Reg. §1.83-2(c)","","","compliance-calendar.json",""
"41","charter_agent","Registered Office and Agent","0","","unsourced","critical","auto","charter","*","(none)","","","charter.json",""
"41","charter_name","Name","0","","unsourced","critical","auto","charter","*","(none)","","","charter.json",""
"41","charter_purpose","Purpose","0","","unsourced","critical","auto","charter","*","(none)","","","charter.json",""
"41","dpa_deletion","Return and Deletion","0","","unsourced","critical","auto","dpa","*","(none)","","","commercial-sow-dpa.json",""
"41","dpa_incident","Incident Response","0","","unsourced","critical","auto","dpa","*","(none)","","","commercial-sow-dpa.json",""
"41","dpa_instructions","Processing Instructions","0","","unsourced","critical","auto","dpa","*","(none)","","","commercial-sow-dpa.json",""
"41","dpa_roles","Roles of the Parties","0","","unsourced","critical","auto","dpa","*","(none)","","","commercial-sow-dpa.json",""
"41","dpa_scope","Subject Matter and Categories","0","","unsourced","critical","auto","dpa","*","(none)","","","commercial-sow-dpa.json",""
"41","dpa_transfers","International Transfers","0","","unsourced","critical","auto","dpa","*","(none)","","","commercial-sow-dpa.json",""
"41","ea_atwill","At-Will Employment","0","","unsourced","critical","auto","employment-agreement","*","(none)","","","hiring.json",""
"41","ea_compensation","Compensation","0","","unsourced","critical","auto","employment-agreement","*","(none)","","","hiring.json",""
"41","ea_ip","Confidentiality and Invention Assignment","0","","unsourced","critical","auto","employment-agreement","*","(none)","","","hiring.json",""
"41","ea_position","Position and Duties","0","","unsourced","critical","auto","employment-agreement","*","(none)","","","hiring.json",""
"41","ea_prior_obligations","No Conflicting Obligations","0","","unsourced","critical","auto","employment-agreement","*","(none)","","","hiring.json",""
"41","ea_termination","Termination and Final Pay","0","","unsourced","critical","auto","employment-agreement","*","(none)","","","hiring.json",""
"41","emp_atwill","At-Will Employment","0","","unsourced","critical","auto","employment","*","(none)","","","employment.json",""
"41","emp_classification","Classification","0","","unsourced","critical","auto","employment","*","(none)","","","employment.json",""
"41","fq_agent","In-State Registered Agent","0","","unsourced","critical","auto","foreign-qualification","*","(none)","","","foreign-qualification.json",""
"41","fq_statement","Application for Authority","0","","unsourced","critical","auto","foreign-qualification","*","(none)","","","foreign-qualification.json",""
"41","gov_baa","HIPAA Business Associate Obligations","0","","single-source","critical","suggest","governance","*","45 C.F.R. §164.504(e)","","","governance-transfers.json",""
"41","gov_board","Board of Directors","0","","unsourced","critical","auto","governance","*","(none)","","","governance-core.json",""
"41","gov_units","Ownership Interests","0","","unsourced","critical","auto","governance","*","(none)","","","governance-core.json",""
"41","gov_voting","Management and Voting","0","","unsourced","critical","auto","governance","*","(none)","","","governance-core.json",""
"41","hb_leave_vacation","Vacation and PTO","0","","unsourced","critical","auto","handbook","*","(none)","","","hiring.json",""
"41","hb_pay_schedule","Pay Schedule and Wage Statements","0","","unsourced","critical","auto","handbook","*","(none)","","","hiring.json",""
"41","hb_welcome","Purpose and No-Contract Statement","0","","unsourced","critical","auto","handbook","*","(none)","","","hiring.json",""
"41","ic_confidentiality","Confidentiality","0","","unsourced","critical","auto","contractor-agreement","*","(none)","","","hiring.json",""
"41","ic_engagement","Engagement and Independent Status","0","","unsourced","critical","auto","contractor-agreement","*","(none)","","","hiring.json",""
"41","ic_ip","Ownership of Work Product","0","","unsourced","critical","auto","contractor-agreement","*","(none)","","","hiring.json",""
"41","ic_no_control","No Supervision or Integration","0","","unsourced","critical","auto","contractor-agreement","*","(none)","","","hiring.json",""
"41","ic_scope","Services","0","","unsourced","critical","auto","contractor-agreement","*","(none)","","","hiring.json",""
"41","ic_taxes","Taxes and Insurance","0","","unsourced","critical","auto","contractor-agreement","*","(none)","","","hiring.json",""
"41","ic_term","Term and Termination","0","","unsourced","critical","auto","contractor-agreement","*","(none)","","","hiring.json",""
"41","inv_details_numbered","Invoice Details","0","","unsourced","critical","auto","invoice","*","(none)","","","invoice.json",""
"41","inv_details_unnumbered","Invoice Details","0","","unsourced","critical","auto","invoice","*","(none)","","","invoice.json",""
"41","ipa_assign","Assignment of Inventions","0","","unsourced","critical","auto","ip-assignment","*","(none)","","","equity.json",""
"41","lease_deposit","Security Deposit","0","","unsourced","critical","auto","lease","*","(none)","","","lease.json",""
"41","lease_maintenance","Maintenance and Repairs","0","","unsourced","critical","auto","lease","*","(none)","","","lease.json",""
"41","lease_parties","Parties and Premises","0","","unsourced","critical","auto","lease","*","(none)","","","lease.json",""
"41","lease_rent","Rent","0","","unsourced","critical","auto","lease","*","(none)","","","lease.json",""
"41","lease_term_12","Term of the Tenancy","0","","unsourced","critical","auto","lease","*","(none)","","","lease.json",""
"41","loa_opening","The Letter","0","","unsourced","critical","auto","loa","*","(none)","","","agreements.json",""
"41","loa_what","What We Agreed","0","","unsourced","critical","auto","loa","*","(none)","","","agreements.json",""
"41","loan_collateral","Collateral","0","","unsourced","critical","auto","loan","*","(none)","","","money.json",""
"41","loan_default_events","Events of Default","0","","unsourced","critical","auto","loan","*","(none)","","","money.json",""
"41","loan_disbursement","Disbursement","0","","unsourced","critical","auto","loan","*","(none)","","","money.json",""
"41","loan_interest_no","Interest","0","","unsourced","critical","auto","loan","*","(none)","","","money.json",""
"41","loan_interest_yes","Interest","0","","unsourced","critical","auto","loan","*","(none)","","","money.json",""
"41","loan_parties","Parties and Purpose","0","","unsourced","critical","auto","loan","*","(none)","","","money.json",""
"41","loan_remedies","What Lender May Do on Default","0","","unsourced","critical","auto","loan","*","(none)","","","money.json",""
"41","loan_repay_installments","Repayment","0","","unsourced","critical","auto","loan","*","(none)","","","money.json",""
"41","loan_repay_lump","Repayment","0","","unsourced","critical","auto","loan","*","(none)","","","money.json",""
"41","msa_breach_notify","Security Incident Notification","0","","unsourced","critical","auto","msa","*","(none)","","","commercial-msa.json",""
"41","msa_confidentiality","Confidentiality","0","","unsourced","critical","auto","msa","*","(none)","","","commercial-msa.json",""
"41","msa_effect_termination","Effect of Termination","0","","unsourced","critical","auto","msa","*","(none)","","","commercial-msa.json",""
"41","msa_fees","Fees","0","","unsourced","critical","auto","msa","*","(none)","","","commercial-msa.json",""
"41","msa_invoicing","Invoicing and Payment","0","","unsourced","critical","auto","msa","*","(none)","","","commercial-msa.json",""
"41","msa_ip_background","Background IP","0","","unsourced","critical","auto","msa","*","(none)","","","commercial-msa.json",""
"41","msa_liability_carveouts","Exclusions from the Cap","0","","unsourced","critical","auto","msa","*","(none)","","","commercial-msa.json",""
"41","msa_parties","Parties","0","","unsourced","critical","auto","msa","*","(none)","","","commercial-msa.json",""
"41","msa_term","Term","0","","unsourced","critical","auto","msa","*","(none)","","","commercial-msa.json",""
"41","nda_definition","Definition of Confidential Information","0","","unsourced","critical","auto","nda","*","(none)","","","commercial-nda.json",""
"41","nda_exclusions","Exclusions","0","","unsourced","critical","auto","nda","*","(none)","","","commercial-nda.json",""
"41","nda_parties","Parties and Purpose","0","","unsourced","critical","auto","nda","*","(none)","","","commercial-nda.json",""
"41","nda_term","Term and Duration of Obligations","0","","unsourced","critical","auto","nda","*","(none)","","","commercial-nda.json",""
"41","note_default","Default and Acceleration","0","","unsourced","critical","auto","note","*","(none)","","","money.json",""
"41","note_interest_no","Interest","0","","unsourced","critical","auto","note","*","(none)","","","money.json",""
"41","note_interest_yes","Interest","0","","unsourced","critical","auto","note","*","(none)","","","money.json",""
"41","note_promise","Promise to Pay","0","","unsourced","critical","auto","note","*","(none)","","","money.json",""
"41","note_repay_installments","Repayment","0","","unsourced","critical","auto","note","*","(none)","","","money.json",""
"41","note_repay_lump","Repayment","0","","unsourced","critical","auto","note","*","(none)","","","money.json",""
"41","prop_intro_client","Introduction","0","","unsourced","critical","auto","proposal","*","(none)","","","proposal.json",""
"41","prop_investment","Investment","0","","unsourced","critical","auto","proposal","*","(none)","","","proposal.json",""
"41","prop_scope_blank","What Is Proposed","0","","unsourced","critical","auto","proposal","*","(none)","","","proposal.json",""
"41","prop_scope_filled","What Is Proposed","0","","unsourced","critical","auto","proposal","*","(none)","","","proposal.json",""
"41","pt_authority","Authority to Bind the Partnership","0","","unsourced","critical","auto","partnership","*","(none)","","","partnership.json",""
"41","pt_contributions","Contributions","0","","unsourced","critical","auto","partnership","*","(none)","","","partnership.json",""
"41","pt_decisions","Decisions","0","","unsourced","critical","auto","partnership","*","(none)","","","partnership.json",""
"41","pt_dissolution","Winding Up","0","","unsourced","critical","auto","partnership","*","(none)","","","partnership.json",""
"41","pt_formation","Formation and Name","0","","unsourced","critical","auto","partnership","*","(none)","","","partnership.json",""
"41","pt_purpose","Purpose","0","","unsourced","critical","auto","partnership","*","(none)","","","partnership.json",""
"41","pt_shares","Profit and Loss Shares","0","","unsourced","critical","auto","partnership","*","(none)","","","partnership.json",""
"41","rm_parties","Who This Agreement Is Between","0","","unsourced","critical","auto","roommate","*","(none)","","","property-more.json",""
"41","rm_rent_split","Rent Split","0","","unsourced","critical","auto","roommate","*","(none)","","","property-more.json",""
"41","sched_a_ownership","Schedule A — Ownership, Contributions, and Notice Addresses","0","","unsourced","critical","auto","schedules","*","(none)","","","schedules.json",""
"41","sow_acceptance","Acceptance Criteria","0","","unsourced","critical","auto","sow","*","(none)","","","commercial-sow-dpa.json",""
"41","sow_deliverables","Deliverables","0","","unsourced","critical","auto","sow","*","(none)","","","commercial-sow-dpa.json",""
"41","sow_fees","Fees and Rates","0","","unsourced","critical","auto","sow","*","(none)","","","commercial-sow-dpa.json",""
"41","sow_reference","Governing Agreement","0","","unsourced","critical","auto","sow","*","(none)","","","commercial-sow-dpa.json",""
"41","sow_schedule","Schedule","0","","unsourced","critical","auto","sow","*","(none)","","","commercial-sow-dpa.json",""
"41","sow_scope","Scope of Services","0","","unsourced","critical","auto","sow","*","(none)","","","commercial-sow-dpa.json",""
"41","sub_consent","Landlord’s Consent","0","","unsourced","critical","auto","sublease","*","(none)","","","property-more.json",""
"41","sub_parties","Parties and Premises","0","","unsourced","critical","auto","sublease","*","(none)","","","property-more.json",""
"41","sub_rent","Rent","0","","unsourced","critical","auto","sublease","*","(none)","","","property-more.json",""
"41","sub_subordinate","The Original Lease Controls","0","","unsourced","critical","auto","sublease","*","(none)","","","property-more.json",""
"41","svc_ip","Who Owns the Work","0","","unsourced","critical","auto","svc","*","(none)","","","agreements.json",""
"41","svc_parties_client","Parties and Services","0","","unsourced","critical","auto","svc","*","(none)","","","agreements.json",""
"41","svc_parties_provider","Parties and Services","0","","unsourced","critical","auto","svc","*","(none)","","","agreements.json",""
"41","svc_payment","Payment","0","","unsourced","critical","auto","svc","*","(none)","","","agreements.json",""
"41","svc_term_end","Ending This Agreement","0","","unsourced","critical","auto","svc","*","(none)","","","agreements.json",""
"41","vest_repurchase","Repurchase Right","0","","unsourced","critical","auto","vesting","*","(none)","","","equity.json",""
"41","vest_schedule","Vesting Schedule","0","","unsourced","critical","auto","vesting","*","(none)","","","equity.json",""
"38","charter_organizer","Organizer","0","form-not-named","unsourced","critical","suggest","charter","*","(none)","","","charter.json",""
"38","gov_capital","Capital Contributions","0","penalty-without-cap","unsourced","critical","suggest","governance","*","(none)","","","governance-core.json",""
"38","gov_transfer","Transfer Restrictions","0","absolute-without-exception","unsourced","critical","suggest","governance","*","(none)","","","governance-transfers.json",""
"38","msa_ip_deliverables_provider","Ownership of Deliverables","0","form-not-named","unsourced","critical","suggest","msa","*","(none)","","","commercial-msa.json",""
"37","b83_election","Section 83(b) Election","0","","multi-cited","critical","suggest","election-83b","*","IRC §83(b) | Treas. Reg. §1.83-2","","","equity.json",""
"37","consent_bank","Banking Resolution","0","threshold-without-lookback absolute-without-exception","unsourced","recommended","auto","consent","*","(none)","","","consents.json",""
"37","msa_security","Information Security","0","threshold-without-lookback absolute-without-exception","unsourced","recommended","auto","msa","*","(none)","","","commercial-msa.json",""
"35","cal_payroll","Payroll Tax Deposits and Filings","0","","unsourced","critical","suggest","compliance-calendar","*","(none)","","","compliance-calendar.json",""
"35","charter_incorporator","Incorporator","0","","unsourced","critical","suggest","charter","*","(none)","","","charter.json",""
"35","charter_mgmt","Management","0","","unsourced","critical","suggest","charter","*","(none)","","","charter.json",""
"35","charter_shares","Authorized Stock","0","","unsourced","critical","suggest","charter","*","(none)","","","charter.json",""
"35","consent_directors","Election of Initial Directors","0","","unsourced","critical","suggest","consent","*","(none)","","","consents.json",""
"35","consent_issue_plain","Issuance of Interests","0","","unsourced","critical","suggest","consent","*","(none)","","","consents.json",""
"35","consent_issue_vesting","Issuance of Interests","0","","unsourced","critical","suggest","consent","*","(none)","","","consents.json",""
"35","ea_classification","Classification","0","","unsourced","critical","suggest","employment-agreement","*","(none)","","","hiring.json",""
"35","ea_equity","Equity Award","0","","unsourced","critical","suggest","employment-agreement","*","(none)","","","hiring.json",""
"35","exh_a_prior","Exhibit A — Prior Inventions","0","","unsourced","critical","suggest","schedules","*","(none)","","","schedules.json",""
"35","gov_buysell","Buy-Sell Events","0","","unsourced","critical","suggest","governance","*","(none)","","","governance-transfers.json",""
"35","gov_deadlock","Deadlock Resolution","0","","unsourced","critical","suggest","governance","*","(none)","","","governance-transfers.json",""
"35","gov_stock_issuance","Issuance of Stock","0","","unsourced","critical","suggest","governance","*","(none)","","","governance-core.json",""
"35","gov_vesting","Vesting","0","","unsourced","critical","suggest","governance","*","(none)","","","governance-transfers.json",""
"35","msa_disclaimer","Disclaimer","0","","unsourced","critical","suggest","msa","*","(none)","","","commercial-msa.json",""
"35","msa_dpa_incorp","Data Processing","0","","unsourced","critical","suggest","msa","*","(none)","","","commercial-msa.json",""
"35","msa_ip_deliverables_customer","Ownership of Deliverables","0","","unsourced","critical","suggest","msa","*","(none)","","","commercial-msa.json",""
"35","msa_warranty_customer","Warranties","0","","unsourced","critical","suggest","msa","*","(none)","","","commercial-msa.json",""
"35","msa_warranty_provider","Warranties","0","","unsourced","critical","suggest","msa","*","(none)","","","commercial-msa.json",""
"34","emp_harassment","Anti-Harassment Policy and Training","0","threshold-without-lookback","unsourced","recommended","auto","employment","*","(none)","","","employment.json",""
"34","fq_tax_registration","State Tax and Employer Registration","0","form-not-named","unsourced","recommended","auto","foreign-qualification","*","(none)","","","foreign-qualification.json",""
"34","ic_subcontract","Subcontracting","0","threshold-without-lookback","unsourced","recommended","auto","contractor-agreement","*","(none)","","","hiring.json",""
"34","lease_entry","Landlord’s Entry","0","threshold-without-lookback","unsourced","recommended","auto","lease","*","(none)","","","lease.json",""
"34","msa_term_insolvency","Insolvency","0","deadline-without-trigger","unsourced","recommended","auto","msa","*","(none)","","","commercial-msa.json",""
"34","nda_injunctive","Equitable Relief","0","penalty-without-cap","unsourced","recommended","auto","nda","*","(none)","","","commercial-nda.json",""
"34","nda_permitted","Permitted Disclosures","0","threshold-without-lookback","unsourced","recommended","auto","nda","*","(none)","","","commercial-nda.json",""
"34","sub_entry_moveout","Entry and Move-Out","0","threshold-without-lookback","unsourced","recommended","auto","sublease","*","(none)","","","property-more.json",""
"34","vest_transfer","Restriction on Transfer of Unvested Interests","0","absolute-without-exception","unsourced","recommended","auto","vesting","*","(none)","","","equity.json",""
"31","bp_company_desc","Company Description","0","","unsourced","recommended","auto","businessplan","*","(none)","","","businessplan.json",""
"31","bp_competitive","Competitive Analysis","0","","unsourced","recommended","auto","businessplan","*","(none)","","","businessplan.json",""
"31","bp_funding_request","Funding Request","0","","unsourced","recommended","auto","businessplan","*","(none)","","","businessplan.json",""
"31","bp_market_blank","Market Analysis","0","","unsourced","recommended","auto","businessplan","*","(none)","","","businessplan.json",""
"31","bp_market_filled","Market Analysis","0","","unsourced","recommended","auto","businessplan","*","(none)","","","businessplan.json",""
"31","bp_marketing_sales","Marketing & Sales Strategy","0","","unsourced","recommended","auto","businessplan","*","(none)","","","businessplan.json",""
"31","bp_mgmt_org","Management & Organization","0","","unsourced","recommended","auto","businessplan","*","(none)","","","businessplan.json",""
"31","cal_ein","EIN and Tax Registration","0","","unsourced","recommended","auto","compliance-calendar","*","(none)","","","compliance-calendar.json",""
"31","consent_ein","Tax Identification","0","","unsourced","recommended","auto","consent","*","(none)","","","consents.json",""
"31","consent_officers","Appointment of Officers","0","","unsourced","recommended","auto","consent","*","(none)","","","consents.json",""
"31","dpa_assistance","Data Subject Requests","0","","unsourced","recommended","auto","dpa","*","(none)","","","commercial-sow-dpa.json",""
"31","dpa_audit","Audits and Assessments","0","","unsourced","recommended","auto","dpa","*","(none)","","","commercial-sow-dpa.json",""
"31","dpa_confidentiality","Personnel Confidentiality","0","","unsourced","recommended","auto","dpa","*","(none)","","","commercial-sow-dpa.json",""
"31","ea_benefits","Benefits","0","","unsourced","recommended","auto","employment-agreement","*","(none)","","","hiring.json",""
"31","ea_start","Start Date and Contingencies","0","","unsourced","recommended","auto","employment-agreement","*","(none)","","","hiring.json",""
"31","emp_offer","Written Offer Requirements","0","","unsourced","recommended","auto","employment","*","(none)","","","employment.json",""
"31","fq_name_availability","Name Availability and Assumed Name","0","","unsourced","recommended","auto","foreign-qualification","*","(none)","","","foreign-qualification.json",""
"31","gov_books","Books and Records","0","","unsourced","recommended","auto","governance","*","(none)","","","governance-core.json",""
"31","gov_dissolution","Dissolution","0","","unsourced","recommended","auto","governance","*","(none)","","","governance-transfers.json",""
"31","gov_drag","Drag-Along","0","threshold-without-lookback absolute-without-exception","unsourced","recommended","suggest","governance","*","(none)","","","governance-transfers.json",""
"31","gov_fiduciary","Standard of Care","0","","unsourced","recommended","auto","governance","*","(none)","","","governance-core.json",""
"31","gov_lien","Lien Rights and Retainage","0","form-not-named absolute-without-exception","unsourced","recommended","suggest","governance","*","(none)","","","governance-transfers.json",""
"31","gov_quorum","Meetings and Quorum","0","","unsourced","recommended","auto","governance","*","(none)","","","governance-core.json",""
"31","gov_taxelect","Tax Classification","0","form-not-named absolute-without-exception","unsourced","recommended","suggest","governance","*","(none)","","","governance-core.json",""
"31","gov_written_consent","Action by Written Consent","0","","unsourced","recommended","auto","governance","*","(none)","","","governance-core.json",""
"31","hb_ack","Acknowledgment","0","","unsourced","recommended","auto","handbook","*","(none)","","","hiring.json",""
"31","hb_conduct","Standards of Conduct","0","","unsourced","recommended","auto","handbook","*","(none)","","","hiring.json",""
"31","hb_leave_statutory","Statutory and Protected Leave","0","","unsourced","recommended","auto","handbook","*","(none)","","","hiring.json",""
"31","ic_no_benefits","No Benefits or Employment Rights","0","","unsourced","recommended","auto","contractor-agreement","*","(none)","","","hiring.json",""
"31","inv_disputes","Questions About This Invoice","0","","unsourced","recommended","auto","invoice","*","(none)","","","invoice.json",""
"31","ipa_confidential","Confidentiality","0","","unsourced","recommended","auto","ip-assignment","*","(none)","","","equity.json",""
"31","ipa_further","Further Assurances and Power of Attorney","0","","unsourced","recommended","auto","ip-assignment","*","(none)","","","equity.json",""
"31","ipa_prior","Prior Inventions","0","","unsourced","recommended","auto","ip-assignment","*","(none)","","","equity.json",""
"31","lease_moveout","Move-Out Condition","0","","unsourced","recommended","auto","lease","*","(none)","","","lease.json",""
"31","lease_pets_no","Pets","0","","unsourced","recommended","auto","lease","*","(none)","","","lease.json",""
"31","lease_pets_yes","Pets","0","","unsourced","recommended","auto","lease","*","(none)","","","lease.json",""
"31","lease_use","Use of the Premises","0","","unsourced","recommended","auto","lease","*","(none)","","","lease.json",""
"31","lease_utilities_incl","Utilities","0","","unsourced","recommended","auto","lease","*","(none)","","","lease.json",""
"31","lease_utilities_sep","Utilities","0","","unsourced","recommended","auto","lease","*","(none)","","","lease.json",""
"31","loa_deadline","When","0","","unsourced","recommended","auto","loa","*","(none)","","","agreements.json",""
"31","loa_ending","If It Doesn’t Work Out","0","","unsourced","recommended","auto","loa","*","(none)","","","agreements.json",""
"31","loan_borrower_promises","Borrower’s Promises","0","","unsourced","recommended","auto","loan","*","(none)","","","money.json",""
"31","loan_note_companion","Promissory Note","0","","unsourced","recommended","auto","loan","*","(none)","","","money.json",""
"31","msa_definitions","Definitions","0","","unsourced","recommended","auto","msa","*","(none)","","","commercial-msa.json",""
"31","msa_indemnity_mutual","General Indemnity and Procedure","0","","unsourced","recommended","auto","msa","*","(none)","","","commercial-msa.json",""
"31","msa_late","Late Payment","0","","unsourced","recommended","auto","msa","*","(none)","","","commercial-msa.json",""
"31","msa_survival","Survival","0","","unsourced","recommended","auto","msa","*","(none)","","","commercial-msa.json",""
"31","msa_taxes","Taxes","0","","unsourced","recommended","auto","msa","*","(none)","","","commercial-msa.json",""
"31","nda_compelled","Compelled Disclosure","0","","unsourced","recommended","auto","nda","*","(none)","","","commercial-nda.json",""
"31","nda_no_license","No License or Warranty","0","","unsourced","recommended","auto","nda","*","(none)","","","commercial-nda.json",""
"31","nda_return","Return or Destruction","0","","unsourced","recommended","auto","nda","*","(none)","","","commercial-nda.json",""
"31","note_payment_mechanics","How Payments Are Made and Applied","0","","unsourced","recommended","auto","note","*","(none)","","","money.json",""
"31","note_prepayment","Prepayment","0","","unsourced","recommended","auto","note","*","(none)","","","money.json",""
"31","note_secured","Security","0","","unsourced","recommended","auto","note","*","(none)","","","money.json",""
"31","prop_next_steps","Next Steps","0","","unsourced","recommended","auto","proposal","*","(none)","","","proposal.json",""
"31","prop_timeline","Timeline","0","","unsourced","recommended","auto","proposal","*","(none)","","","proposal.json",""
"31","prop_validity","How Long This Proposal Is Open","0","","unsourced","recommended","auto","proposal","*","(none)","","","proposal.json",""
"31","pt_accounts","Books, Banking, and Records","0","","unsourced","recommended","auto","partnership","*","(none)","","","partnership.json",""
"31","pt_draws","Distributions and Draws","0","","unsourced","recommended","auto","partnership","*","(none)","","","partnership.json",""
"31","pt_duties","Duties Between Partners","0","","unsourced","recommended","auto","partnership","*","(none)","","","partnership.json",""
"31","pt_new_partner","Admitting a New Partner","0","","unsourced","recommended","auto","partnership","*","(none)","","","partnership.json",""
"31","pt_term","Term","0","","unsourced","recommended","auto","partnership","*","(none)","","","partnership.json",""
"31","pt_transfer","No Transfer of Partnership Interests","0","","unsourced","recommended","auto","partnership","*","(none)","","","partnership.json",""
"31","rm_deposit_split","Security Deposit Shares","0","","unsourced","recommended","auto","roommate","*","(none)","","","property-more.json",""
"31","rm_utilities","Utilities and Shared Expenses","0","","unsourced","recommended","auto","roommate","*","(none)","","","property-more.json",""
"31","sow_assumptions","Assumptions","0","","unsourced","recommended","auto","sow","*","(none)","","","commercial-sow-dpa.json",""
"31","sow_expenses_sow","Expenses","0","","unsourced","recommended","auto","sow","*","(none)","","","commercial-sow-dpa.json",""
"31","sow_precedence","Precedence and Signature","0","","unsourced","recommended","auto","sow","*","(none)","","","commercial-sow-dpa.json",""
"31","sub_condition","Care of the Premises","0","","unsourced","recommended","auto","sublease","*","(none)","","","property-more.json",""
"31","sub_deposit","Security Deposit","0","","unsourced","recommended","auto","sublease","*","(none)","","","property-more.json",""
"31","sub_no_further","No Further Subletting","0","","unsourced","recommended","auto","sublease","*","(none)","","","property-more.json",""
"31","sub_utilities","Utilities","0","","unsourced","recommended","auto","sublease","*","(none)","","","property-more.json",""
"31","svc_deadline","Timeline","0","","unsourced","recommended","auto","svc","*","(none)","","","agreements.json",""
"31","svc_independent","Independent Parties","0","","unsourced","recommended","auto","svc","*","(none)","","","agreements.json",""
"31","vest_definitions","Cause and Good Reason","0","","unsourced","recommended","auto","vesting","*","(none)","","","equity.json",""
"28","cal_baa_review","Annual BAA and Security Review","0","","single-source","recommended","suggest","compliance-calendar","*","45 C.F.R. §164.308","","","compliance-calendar.json",""
"28","charter_charter_indemnify","Charter-Level Indemnification","0","absolute-without-exception","unsourced","recommended","suggest","charter","*","(none)","","","charter.json",""
"28","charter_dirliability","Limitation of Director Liability","0","penalty-without-cap","unsourced","recommended","suggest","charter","*","(none)","","","charter.json",""
"28","charter_preferred","Blank Check Preferred","0","threshold-without-lookback","unsourced","recommended","suggest","charter","*","(none)","","","charter.json",""
"28","consent_83b_ack","Acknowledgment of 83(b) Deadline","0","form-not-named","unsourced","recommended","suggest","consent","*","(none)","","","consents.json",""
"28","ea_83b_notice","Tax Election Notice","0","form-not-named","unsourced","recommended","suggest","employment-agreement","*","(none)","","","hiring.json",""
"28","ea_expenses","Expense Reimbursement","0","","single-source","recommended","suggest","employment-agreement","*","Cal. Lab. Code §2802","","","hiring.json",""
"28","emp_contractor","Independent Contractor Classification","0","absolute-without-exception","unsourced","recommended","suggest","employment","*","(none)","","","employment.json",""
"28","gov_conflicts","Conflicts of Interest","0","absolute-without-exception","unsourced","recommended","suggest","governance","*","(none)","","","governance-core.json",""
"28","gov_manager","Managers","0","threshold-without-lookback","unsourced","recommended","suggest","governance","*","(none)","","","governance-core.json",""
"28","ipa_opensource","Open Source Policy","0","absolute-without-exception","unsourced","recommended","suggest","ip-assignment","*","(none)","","","equity.json",""
"28","msa_audit","Audit Rights","0","threshold-without-lookback","unsourced","recommended","suggest","msa","*","(none)","","","commercial-msa.json",""
"28","msa_feedback","Feedback","0","absolute-without-exception","unsourced","recommended","suggest","msa","*","(none)","","","commercial-msa.json",""
"28","msa_opensource","Third-Party and Open Source Components","0","absolute-without-exception","unsourced","recommended","suggest","msa","*","(none)","","","commercial-msa.json",""
"28","msa_renewal","Renewal","0","threshold-without-lookback","unsourced","recommended","suggest","msa","*","(none)","","","commercial-msa.json",""
"28","sh_confidentiality","Confidentiality","0","threshold-without-lookback","unsourced","recommended","suggest","*","*","(none)","","","shared.json",""
"28","sh_indemnity","Indemnification","0","penalty-without-cap","unsourced","recommended","suggest","*","*","(none)","","","shared.json",""
"25","bp_risks","Risks","0","","unsourced","recommended","suggest","businessplan","*","(none)","","","businessplan.json",""
"25","consent_ip","Ratification of IP Assignment","0","","unsourced","recommended","suggest","consent","*","(none)","","","consents.json",""
"25","consent_qualify","Authorization to Qualify in Other States","0","","unsourced","recommended","suggest","consent","*","(none)","","","consents.json",""
"25","dpa_liability","Liability under this Addendum","0","","unsourced","recommended","suggest","dpa","*","(none)","","","commercial-sow-dpa.json",""
"25","ea_bonus","Bonus","0","","unsourced","recommended","suggest","employment-agreement","*","(none)","","","hiring.json",""
"25","ea_location","Work Location","0","","unsourced","recommended","suggest","employment-agreement","*","(none)","","","hiring.json",""
"25","ea_outside_activity","Outside Activities","0","","unsourced","recommended","suggest","employment-agreement","*","(none)","","","hiring.json",""
"25","emp_confid","Confidentiality","0","","unsourced","recommended","suggest","employment","*","(none)","","","employment.json",""
"25","gov_allocations","Allocations of Profit and Loss","0","","unsourced","recommended","suggest","governance","*","(none)","","","governance-core.json",""
"25","gov_dataproc","Data Processing and Privacy","0","","unsourced","recommended","suggest","governance","*","(none)","","","governance-transfers.json",""
"25","gov_distrib","Distributions","0","","unsourced","recommended","suggest","governance","*","(none)","","","governance-core.json",""
"25","gov_indemnify","Indemnification","0","","unsourced","recommended","suggest","governance","*","(none)","","","governance-transfers.json",""
"25","gov_insurance","Insurance","0","","unsourced","recommended","suggest","governance","*","(none)","","","governance-transfers.json",""
"25","gov_licens","Licensure and Scope of Practice","0","","unsourced","recommended","suggest","governance","*","(none)","","","governance-transfers.json",""
"25","gov_officers","Officers","0","","unsourced","recommended","suggest","governance","*","(none)","","","governance-core.json",""
"25","gov_permitted_transfers","Permitted Transfers","0","","unsourced","recommended","suggest","governance","*","(none)","","","governance-transfers.json",""
"25","gov_solemember","Sole Owner Provisions","0","","unsourced","recommended","suggest","governance","*","(none)","","","governance-core.json",""
"25","gov_tag","Tag-Along","0","","unsourced","recommended","suggest","governance","*","(none)","","","governance-transfers.json",""
"25","gov_taxdistrib","Tax Distributions","0","","unsourced","recommended","suggest","governance","*","(none)","","","governance-core.json",""
"25","inv_late_fee","Late Payments","0","","unsourced","recommended","suggest","invoice","*","(none)","","","invoice.json",""
"25","inv_payment_methods","How to Pay","0","","unsourced","recommended","suggest","invoice","*","(none)","","","invoice.json",""
"25","ipa_thirdparty","No Conflicting Obligations","0","","unsourced","recommended","suggest","ip-assignment","*","(none)","","","equity.json",""
"25","lease_late","Late Charges and Returned Payments","0","","unsourced","recommended","suggest","lease","*","(none)","","","lease.json",""
"25","lease_occupants","Occupants","0","","unsourced","recommended","suggest","lease","*","(none)","","","lease.json",""
"25","lease_sublet","Assignment and Subletting","0","","unsourced","recommended","suggest","lease","*","(none)","","","lease.json",""
"25","loan_costs","Collection Costs","0","","unsourced","recommended","suggest","loan","*","(none)","","","money.json",""
"25","loan_prepayment","Prepayment","0","","unsourced","recommended","suggest","loan","*","(none)","","","money.json",""
"25","msa_insurance","Insurance","0","","unsourced","recommended","suggest","msa","*","(none)","","","commercial-msa.json",""
"25","msa_liability_supercap","Enhanced Cap for Data and Confidentiality","0","","unsourced","recommended","suggest","msa","*","(none)","","","commercial-msa.json",""
"25","msa_price_increase","Rate Adjustments","0","","unsourced","recommended","suggest","msa","*","(none)","","","commercial-msa.json",""
"25","msa_price_protection","Rate Adjustments","0","","unsourced","recommended","suggest","msa","*","(none)","","","commercial-msa.json",""
"25","msa_sla","Service Levels","0","","unsourced","recommended","suggest","msa","*","(none)","","","commercial-msa.json",""
"25","msa_transition","Transition Assistance","0","","unsourced","recommended","suggest","msa","*","(none)","","","commercial-msa.json",""
"25","note_costs","Collection Costs","0","","unsourced","recommended","suggest","note","*","(none)","","","money.json",""
"25","prop_deliverables","Deliverables","0","","unsourced","recommended","suggest","proposal","*","(none)","","","proposal.json",""
"25","pt_death_disability","Death or Incapacity of a Partner","0","","unsourced","recommended","suggest","partnership","*","(none)","","","partnership.json",""
"25","pt_disputes","Deadlocks","0","","unsourced","recommended","suggest","partnership","*","(none)","","","partnership.json",""
"25","pt_time","Time and Outside Activities","0","","unsourced","recommended","suggest","partnership","*","(none)","","","partnership.json",""
"25","sh_amend","Amendment","0","","unsourced","recommended","suggest","*","*","(none)","","","shared.json",""
"25","sh_assignment","Assignment","0","","unsourced","recommended","suggest","*","*","(none)","","","shared.json",""
"25","sh_dispute","Dispute Resolution","0","","unsourced","recommended","suggest","*","*","(none)","","","shared.json",""
"25","sh_entire","Entire Agreement","0","","unsourced","recommended","suggest","*","*","(none)","","","shared.json",""
"25","sh_govlaw","Governing Law","0","","unsourced","recommended","suggest","*","*","(none)","","","shared.json",""
"25","sh_liability","Limitation of Liability","0","","unsourced","recommended","suggest","*","*","(none)","","","shared.json",""
"25","sh_notices","Notices","0","","unsourced","recommended","suggest","*","*","(none)","","","shared.json",""
"25","sh_return_property","Return of Property","0","","unsourced","recommended","suggest","*","*","(none)","","","shared.json",""
"25","sh_severability","Severability","0","","unsourced","recommended","suggest","*","*","(none)","","","shared.json",""
"25","sh_term_cause","Termination for Cause","0","","unsourced","recommended","suggest","*","*","(none)","","","shared.json",""
"25","sow_acceptance_deemed","Deemed Acceptance","0","","unsourced","recommended","suggest","sow","*","(none)","","","commercial-sow-dpa.json",""
"25","sow_dependencies","Customer Dependencies","0","","unsourced","recommended","suggest","sow","*","(none)","","","commercial-sow-dpa.json",""
"25","svc_confidentiality","Keeping Each Other’s Information Private","0","","unsourced","recommended","suggest","svc","*","(none)","","","agreements.json",""
"25","svc_revisions","Revisions and Acceptance","0","","unsourced","recommended","suggest","svc","*","(none)","","","agreements.json",""
"25","svc_warranty_cap","Promises and Limits","0","","unsourced","recommended","suggest","svc","*","(none)","","","agreements.json",""
"25","vest_accel","Double-Trigger Acceleration","0","","unsourced","recommended","suggest","vesting","*","(none)","","","equity.json",""
"21","charter_duration","Duration","0","","unsourced","optional","auto","charter","*","(none)","","","charter.json",""
"21","consent_fiscal","Fiscal Year and Accounting Method","0","","unsourced","optional","auto","consent","*","(none)","","","consents.json",""
"21","gov_offices","Principal Office","0","","unsourced","optional","auto","governance","*","(none)","","","governance-core.json",""
"21","msa_independent","Independent Contractors","0","","unsourced","optional","auto","msa","*","(none)","","","commercial-msa.json",""
"21","note_unsecured","Security","0","","unsourced","optional","auto","note","*","(none)","","","money.json",""
"18","emp_arbitration","Arbitration of Employment Disputes","0","form-not-named","unsourced","optional","suggest","employment","*","(none)","","","employment.json",""
"18","gov_committees","Board Committees","0","threshold-without-lookback","unsourced","optional","suggest","governance","*","(none)","","","governance-core.json",""
"18","gov_expenses","Expense Reimbursement","0","deadline-without-trigger","unsourced","optional","suggest","governance","*","(none)","","","governance-core.json",""
"18","lease_holdover","Holding Over","0","threshold-without-lookback","unsourced","optional","suggest","lease","*","(none)","","","lease.json",""
"18","msa_escrow","Source Code Escrow","0","threshold-without-lookback","unsourced","optional","suggest","msa","*","(none)","","","commercial-msa.json",""
"18","msa_expenses","Expenses","0","threshold-without-lookback","unsourced","optional","suggest","msa","*","(none)","","","commercial-msa.json",""
"18","rm_guests_quiet","Guests and Quiet Hours","0","threshold-without-lookback","unsourced","optional","suggest","roommate","*","(none)","","","property-more.json",""
"18","sh_noncompete","Non-Compete","0","absolute-without-exception","unsourced","optional","suggest","*","*","(none)","","","shared.json",""
"15","ea_severance","Severance","0","","unsourced","optional","suggest","employment-agreement","*","(none)","","","hiring.json",""
"15","gov_counterparts","Counterparts and Electronic Signature","0","","unsourced","optional","suggest","governance","*","(none)","","","governance-transfers.json",""
"15","gov_dividends","Dividends","0","","unsourced","optional","suggest","governance","*","(none)","","","governance-core.json",""
"15","gov_privacy_notice","Public Privacy Notice","0","","unsourced","optional","suggest","governance","*","(none)","","","governance-transfers.json",""
"15","ic_expenses","Expenses","0","","unsourced","optional","suggest","contractor-agreement","*","(none)","","","hiring.json",""
"15","inv_thanks","Thank You","0","","unsourced","optional","suggest","invoice","*","(none)","","","invoice.json",""
"15","ipa_moral","Waiver of Moral Rights","0","","unsourced","optional","suggest","ip-assignment","*","(none)","","","equity.json",""
"15","lease_alterations","Alterations","0","","unsourced","optional","suggest","lease","*","(none)","","","lease.json",""
"15","lease_smoking","Smoking","0","","unsourced","optional","suggest","lease","*","(none)","","","lease.json",""
"15","loa_whole","One Page, On Purpose","0","","unsourced","optional","suggest","loa","*","(none)","","","agreements.json",""
"15","loan_use_of_funds","Use of the Loan","0","","unsourced","optional","suggest","loan","*","(none)","","","money.json",""
"15","msa_affiliates","Affiliate Participation","0","","unsourced","optional","suggest","msa","*","(none)","","","commercial-msa.json",""
"15","msa_counterparts","Counterparts and Electronic Signature","0","","unsourced","optional","suggest","msa","*","(none)","","","commercial-msa.json",""
"15","msa_marks","Publicity and Trademarks","0","","unsourced","optional","suggest","msa","*","(none)","","","commercial-msa.json",""
"15","msa_mfn","Most Favored Pricing","0","","unsourced","optional","suggest","msa","*","(none)","","","commercial-msa.json",""
"15","nda_no_obligation","No Obligation to Proceed","0","","unsourced","optional","suggest","nda","*","(none)","","","commercial-nda.json",""
"15","nda_residuals","Residuals","0","","unsourced","optional","suggest","nda","*","(none)","","","commercial-nda.json",""
"15","prop_approach","Approach","0","","unsourced","optional","suggest","proposal","*","(none)","","","proposal.json",""
"15","prop_background","Background","0","","unsourced","optional","suggest","proposal","*","(none)","","","proposal.json",""
"15","prop_questions","Questions","0","","unsourced","optional","suggest","proposal","*","(none)","","","proposal.json",""
"15","prop_whats_included","What’s Included","0","","unsourced","optional","suggest","proposal","*","(none)","","","proposal.json",""
"15","rm_chores","Cleaning and Shared Spaces","0","","unsourced","optional","suggest","roommate","*","(none)","","","property-more.json",""
"15","rm_property","Belongings","0","","unsourced","optional","suggest","roommate","*","(none)","","","property-more.json",""
"15","sh_force_majeure","Force Majeure","0","","unsourced","optional","suggest","*","*","(none)","","","shared.json",""
"15","sh_nonsolicit","Non-Solicitation of Personnel","0","","unsourced","optional","suggest","*","*","(none)","","","shared.json",""
"15","sh_term_convenience","Termination for Convenience","0","","unsourced","optional","suggest","*","*","(none)","","","shared.json",""
"15","sh_waiver","Waiver","0","","unsourced","optional","suggest","*","*","(none)","","","shared.json",""
"15","sow_personnel","Key Personnel","0","","unsourced","optional","suggest","sow","*","(none)","","","commercial-sow-dpa.json",""
"15","svc_expenses","Expenses","0","","unsourced","optional","suggest","svc","*","(none)","","","agreements.json",""
"15","vest_leave","Leave of Absence","0","","unsourced","optional","suggest","vesting","*","(none)","","","equity.json",""
